factor,mean_ic,std_ic,ic_stability,ic_t_stat,positive_ic_ratio
growth,0.009355790068311047,0.1413746580577021,0.06617727814055953,0.7219088757655389,0.5294117647058824
value,0.03050055771272953,0.23138336431974107,0.13181828262546053,1.4379676966068355,0.5462184873949579
quality,0.027409000736935217,0.18133260236196033,0.15115318690581497,1.6488866011652603,0.5798319327731093
lowvol,0.0631675338520875,0.2041074332390894,0.30948179029861045,3.3760477550896013,0.6050420168067226
dividend,0.05470745758641324,0.21003841832468367,0.26046405235181697,2.8413273633173763,0.6050420168067226
momentum,0.020794292725952804,0.22325532989007685,0.09314130478403893,0.9634611483009764,0.5514018691588785
